"","cohort","mouse","day","creatinine"
"1",53,"mouse1","pair1",78.5
"2",53,"mouse1","pair2",65
"3",53,"mouse1","pair3",56.5
"4",53,"mouse1","day1",79.42857143
"5",53,"mouse1","day2",79.42857143
"6",53,"mouse1","day3",117.1428571
"7",53,"mouse1","day4",60.40816327
"8",53,"mouse1","day5",64.48979592
"9",53,"mouse1","day6",91.02040816
"10",53,"mouse1","day7",72.15583508
"11",53,"mouse1","day9",82.62403913
"12",53,"mouse1","day10",93.09224319
"13",53,"mouse1","day11",88.12757382
"14",53,"mouse1","day12",66.00192763
"15",53,"mouse1","day13",58.50170858
"16",53,"mouse1","day14",68.22582229
"17",53,"mouse1","day15",69.0191458
"18",53,"mouse1","day17",78.93568974
"19",53,"mouse1","day19",51.36612022
"20",54,"mouse1","day3",79.53416149
"21",54,"mouse1","day4",93.37562052
"22",54,"mouse1","day5",75.69957713
"23",54,"mouse1","day6",51.87534473
"24",54,"mouse1","day7",72.22534492
"25",54,"mouse1","day9",76.04679174
"26",54,"mouse1","day11",63.43601723
"27",54,"mouse1","day13",48.96384242
"28",54,"mouse1","pair1",75.26643991
"29",54,"mouse1","pair2",62.78911565
"30",54,"mouse1","pair3",42.26190476
"31",54,"mouse1","day1",65.25879917
"32",54,"mouse1","day2",57.50931677
"33",54,"mouse1","day15",64.52599388
"34",54,"mouse1","day17",42.13167836
"35",54,"mouse1","day19",42.69230769
"36",55,"mouse1","day4",71.59803831
"37",55,"mouse1","day1",131.7790531
"38",55,"mouse1","day2",135.6126255
"39",55,"mouse1","day3",106.8608321
"40",55,"mouse1","day9",105.2223006
"41",55,"mouse1","day5",132.4178773
"42",55,"mouse1","day6",76.21726659
"43",55,"mouse1","day7",119.50247
"44",55,"mouse1","pair1",97.88816267
"45",55,"mouse1","pair2",65.09803922
"46",55,"mouse1","pair3",81.97530864
"47",55,"mouse1","day11",81.54728299
"48",55,"mouse1","day13",NA
"49",55,"mouse1","day15",66.9364486
"50",55,"mouse1","day17",83.96074766
"51",55,"mouse1","day19",66.8852459
"52",56,"mouse1","pair1",57.7749539774856
"53",56,"mouse1","pair2",31.5136112604467
"54",56,"mouse1","pair3",38.7859830897806
"55",56,"mouse1","day15",42.6236667506509
"56",56,"mouse1","day2",60.1207590569293
"57",56,"mouse1","day3",62.8713820203182
"58",56,"mouse1","day4",45.3771760154739
"59",56,"mouse1","day1",49.5112133410006
"60",56,"mouse1","day11",45.2692307692308
"61",56,"mouse1","day17",41.3941379020744
"62",56,"mouse1","day19",55
"63",56,"mouse1","day7",39.6573426573427
"64",56,"mouse1","day5",52.0851063829787
"65",56,"mouse1","day6",60.3713733075435
"66",56,"mouse1","day13",25.0004199210548
"67",56,"mouse1","day9",52.7517482517483
"68",57,"mouse1","day13",29.1828793774319
"69",57,"mouse1","pair2",17.9644268774704
"70",57,"mouse1","pair3",16.3675889328063
"71",57,"mouse1","day1",29.9015235971758
"72",57,"mouse1","pair1",23.1541501976285
"73",57,"mouse1","day9",49.0754622688656
"74",57,"mouse1","day5",43.6499370390358
"75",57,"mouse1","day11",51.5292353823089
"76",57,"mouse1","day6",48.963842417701
"77",57,"mouse1","day15",24.5136186770428
"78",57,"mouse1","day17",40.0778210116731
"79",57,"mouse1","day19",NA
"80",57,"mouse1","day2",44.2697881828317
"81",57,"mouse1","day3",52.4247491638796
"82",57,"mouse1","day4",40.6134196797985
"83",57,"mouse1","day7",43.7589538564051
"84",58,"mouse1","day13",30.2105263157895
"85",58,"mouse1","day6",71.9326599326599
"86",58,"mouse1","day2",52.3950617283951
"87",58,"mouse1","day3",45.9405976024333
"88",58,"mouse1","day19",41.304347826087
"89",58,"mouse1","day7",45.9794821690279
"90",58,"mouse1","day15",41.1961722488038
"91",58,"mouse1","day17",41.1961722488038
"92",58,"mouse1","pair3",44.9047619047619
"93",58,"mouse1","day4",48.8114478114478
"94",58,"mouse1","pair1",62.8666666666667
"95",58,"mouse1","pair2",36.3142857142857
"96",58,"mouse1","day11",53.9374694675134
"97",58,"mouse1","day1",54.2934335301485
"98",58,"mouse1","day9",53.495359062042
"99",58,"mouse1","day5",45.1414141414141
"100",53,"mouse10","pair3",75
"101",53,"mouse10","day14",76.55571919
"102",53,"mouse10","day19",70.16393443
"103",53,"mouse10","day6",107.755102
"104",53,"mouse10","day4",62.04081633
"105",53,"mouse10","day12",76.12722334
"106",53,"mouse10","day13",80.25234382
"107",53,"mouse10","pair2",87
"108",53,"mouse10","day15",82.1089838
"109",53,"mouse10","day17",51.96269023
"110",53,"mouse10","day3",166.2857143
"111",53,"mouse10","day11",74.25216858
"112",53,"mouse10","day9",86.73654787
"113",53,"mouse10","day10",114.7763802
"114",53,"mouse10","day5",132.244898
"115",53,"mouse10","day1",97.14285714
"116",53,"mouse10","pair1",106.5
"117",53,"mouse10","day7",105.4297694
"118",53,"mouse10","day2",107.4285714
"119",54,"mouse10","day2",66.07453416
"120",54,"mouse10","pair1",73.25396825
"121",54,"mouse10","pair2",28.17460317
"122",54,"mouse10","day4",86.8431697
"123",54,"mouse10","day1",59.14078675
"124",54,"mouse10","day19",26.92307692
"125",54,"mouse10","day17",20.49649217
"126",54,"mouse10","day11",61.52529382
"127",54,"mouse10","pair3",58.76417234
"128",54,"mouse10","day13",46.6864544
"129",54,"mouse10","day15",36.81777298
"130",54,"mouse10","day5",67.24581725
"131",54,"mouse10","day3",86.06004141
"132",54,"mouse10","day7",69.55033214
"133",54,"mouse10","day9",63.43601723
"134",54,"mouse10","day6",94.14414414
"135",55,"mouse10","day3",115.9655667
"136",55,"mouse10","day2",58.94117647
"137",55,"mouse10","day4",79.68168779
"138",55,"mouse10","pair1",66.54466231
"139",55,"mouse10","pair2",67.02687001
"140",55,"mouse10","day1",95.83931133
"141",55,"mouse10","day19",60.76502732
"142",55,"mouse10","day15",70.80560748
"143",55,"mouse10","day17",103.6934579
"144",55,"mouse10","day5",75.8323309
"145",55,"mouse10","day6",101.2380864
"146",55,"mouse10","day7",95.45165843
"147",55,"mouse10","pair3",58.34713145
"148",55,"mouse10","day9",75.15878617
"149",55,"mouse10","day11",94.32427664
"150",55,"mouse10","day13",56.10280374
"151",56,"mouse10","day3",79.3751198006517
"152",56,"mouse10","day1",71.9091431857389
"153",56,"mouse10","day11",80.8111888111888
"154",56,"mouse10","pair3",51.7146441197074
"155",56,"mouse10","day19",89.6153846153846
"156",56,"mouse10","day4",64.7117988394584
"157",56,"mouse10","day2",56.9771899559133
"158",56,"mouse10","day5",65.1063829787234
"159",56,"mouse10","day15",29.0988494163097
"160",56,"mouse10","pair2",46.8663962334848
"161",56,"mouse10","day6",NA
"162",56,"mouse10","pair1",67.4714497499308
"163",56,"mouse10","day9",81.5594405594406
"164",56,"mouse10","day17",50.8205257411607
"165",56,"mouse10","day7",NA
"166",56,"mouse10","day13",36.4760225077685
"167",53,"mouse11","day1",53.14285714
"168",53,"mouse11","day11",76.50223429
"169",53,"mouse11","day12",55.50162096
"170",53,"mouse11","day2",57.71428571
"171",53,"mouse11","day6",76.32653061
"172",53,"mouse11","pair1",49
"173",53,"mouse11","pair2",58
"174",53,"mouse11","day13",64.87689477
"175",53,"mouse11","day3",70.28571429
"176",53,"mouse11","day4",69.3877551
"177",53,"mouse11","day7",74.39902166
"178",53,"mouse11","day15",50.77270496
"179",53,"mouse11","pair3",56
"180",53,"mouse11","day19",84.80874317
"181",53,"mouse11","day10",78.13766597
"182",53,"mouse11","day9",80.00698812
"183",53,"mouse11","day17",94.80216004
"184",53,"mouse11","day14",63.4658812
"185",53,"mouse11","day5",48.97959184
"186",54,"mouse11","day5",58.40779555
"187",54,"mouse11","day2",43.23395445
"188",54,"mouse11","day1",45.27329193
"189",54,"mouse11","day17",30.36517359
"190",54,"mouse11","pair2",29.38208617
"191",54,"mouse11","day7",22.92868093
"192",54,"mouse11","day3",76.27122153
"193",54,"mouse11","pair3",41.85941043
"194",54,"mouse11","day6",54.56517742
"195",54,"mouse11","day13",51.62079511
"196",54,"mouse11","day9",50.44309804
"197",54,"mouse11","day4",67.63007906
"198",54,"mouse11","pair1",61.98412698
"199",54,"mouse11","day11",48.15022994
"200",54,"mouse11","day15",25.43083288
"201",54,"mouse11","day19",20
"202",55,"mouse11","day15",75.44859813
"203",55,"mouse11","pair2",40.98765432
"204",55,"mouse11","day2",86.2553802
"205",55,"mouse11","day3",110.215208
"206",55,"mouse11","day17",61.51962617
"207",55,"mouse11","day13",56.87663551
"208",55,"mouse11","day9",59.751235
"209",55,"mouse11","day11",71.77664079
"210",55,"mouse11","day4",104.7025076
"211",55,"mouse11","day19",60.10928962
"212",55,"mouse11","pair1",55.45388526
"213",55,"mouse11","day7",86.80839802
"214",55,"mouse11","pair3",55.93609296
"215",55,"mouse11","day1",105.902439
"216",55,"mouse11","day5",69.67335986
"217",55,"mouse11","day6",88.15027297
"218",56,"mouse11","day5",55.2417794970987
"219",56,"mouse11","pair2",40.8060863757066
"220",56,"mouse11","day3",73.4809277362469
"221",56,"mouse11","day6",55.6363636363636
"222",56,"mouse11","day2",53.8336208548974
"223",56,"mouse11","day11",74.8251748251748
"224",56,"mouse11","pair1",101.005164296304
"225",56,"mouse11","day9",63.6013986013986
"226",56,"mouse11","day4",74.9709864603481
"227",56,"mouse11","day13",42.2138238011254
"228",56,"mouse11","pair3",39.594024404151
"229",56,"mouse11","day1",73.4809277362469
"230",56,"mouse11","day19",65.7692307692308
"231",56,"mouse11","day15",40.9842949525489
"232",56,"mouse11","day7",72.2062937062937
"233",56,"mouse11","day17",29.0988494163097
"234",57,"mouse11","day5",74.7742399712178
"235",57,"mouse11","day4",64.9055585536967
"236",57,"mouse11","day3",79.2196209587514
"237",57,"mouse11","day13",48.2490272373541
"238",57,"mouse11","day15",37.3540856031128
"239",57,"mouse11","day2",71.0646599777034
"240",57,"mouse11","day17",48.6381322957198
"241",57,"mouse11","day19",33.4782608695652
"242",57,"mouse11","day6",78.9494513401691
"243",57,"mouse11","day9",59.7084790937865
"244",57,"mouse11","day1",70.2879970271275
"245",57,"mouse11","day11",77.2938530734633
"246",57,"mouse11","pair3",43.5138339920949
"247",57,"mouse11","day7",56.8457437947693
"248",57,"mouse11","pair2",24.3517786561265
"249",57,"mouse11","pair1",67.4664031620553
"250",58,"mouse11","day7",73.8324377137274
"251",58,"mouse11","day3",91.501520844516
"252",58,"mouse11","day6",74.1346801346801
"253",58,"mouse11","day11",72.9482169027846
"254",58,"mouse11","day17",78.0765550239234
"255",58,"mouse11","day13",78.0765550239234
"256",58,"mouse11","day2",81.2503131150474
"257",58,"mouse11","day1",67.5820361424226
"258",58,"mouse11","day4",88.8148148148148
"259",58,"mouse11","pair1",75.3619047619048
"260",58,"mouse11","day9",80.4640937957987
"261",58,"mouse11","day5",89.9158249158249
"262",58,"mouse11","day15",98.4784688995215
"263",58,"mouse11","day19",74.3478260869565
"264",58,"mouse11","pair2",47.247619047619
"265",58,"mouse11","pair3",76.5333333333333
"266",53,"mouse12","day15",106.7020128
"267",53,"mouse12","day13",76.50223429
"268",53,"mouse12","day17",65.84585174
"269",53,"mouse12","day14",88.45557192
"270",53,"mouse12","day1",96
"271",53,"mouse12","day4",95.10204082
"272",53,"mouse12","pair3",90
"273",53,"mouse12","day2",102.2857143
"274",53,"mouse12","day19",72.56830601
"275",53,"mouse12","day7",91.22292103
"276",53,"mouse12","day5",89.3877551
"277",53,"mouse12","day6",79.59183673
"278",53,"mouse12","day12",86.62753001
"279",53,"mouse12","pair1",134.5
"280",53,"mouse12","pair2",78
"281",53,"mouse12","day9",83.74563242
"282",53,"mouse12","day3",109.1428571
"283",53,"mouse12","day11",73.50214667
"284",53,"mouse12","day10",109.1684137
"285",54,"mouse12","day9",43.18234908
"286",54,"mouse12","day7",28.66085116
"287",54,"mouse12","pair3",31.39455782
"288",54,"mouse12","pair1",71.2414966
"289",54,"mouse12","pair2",6.842403628
"290",54,"mouse12","day6",49.95403567
"291",54,"mouse12","day19",14.61538462
"292",54,"mouse12","day1",27.32712215
"293",54,"mouse12","day5",26.51406509
"294",54,"mouse12","day15",18.21910416
"295",54,"mouse12","day17",34.16082029
"296",54,"mouse12","day11",36.3037448
"297",54,"mouse12","day13",28.08778557
"298",54,"mouse12","day2",42.82608696
"299",54,"mouse12","day3",44.86542443
"300",54,"mouse12","day4",20.36587608
"301",55,"mouse12","pair1",67.02687001
"302",55,"mouse12","day5",78.52688073
"303",55,"mouse12","day6",84.30091607
"304",55,"mouse12","day19",59.67213115
"305",55,"mouse12","day3",133.6958393
"306",55,"mouse12","day4",96.23392246
"307",55,"mouse12","day15",80.47850467
"308",55,"mouse12","day17",81.63925234
"309",55,"mouse12","day2",80.98421808
"310",55,"mouse12","day13",61.51962617
"311",55,"mouse12","day1",98.71449067
"312",55,"mouse12","pair2",64.61583152
"313",55,"mouse12","day11",83.42625265
"314",55,"mouse12","pair3",62.20479303
"315",55,"mouse12","day7",92.06951306
"316",55,"mouse12","day9",49.9805928
"317",56,"mouse12","day4",44.9825918762089
"318",56,"mouse12","day15",37.2957084068195
"319",56,"mouse12","day2",47.9394287904926
"320",56,"mouse12","day3",53.4406747172705
"321",56,"mouse12","day13",27.4594776182078
"322",56,"mouse12","day7",50.8811188811189
"323",56,"mouse12","day17",30.3283782648862
"324",56,"mouse12","day1",52.2618363043895
"325",56,"mouse12","day5",50.1121856866538
"326",56,"mouse12","day19",95.7692307692308
"327",56,"mouse12","day9",70.7097902097902
"328",56,"mouse12","day11",55.7447552447552
"329",56,"mouse12","pair2",42.8261896616327
"330",56,"mouse12","day6",59.1876208897486
"331",56,"mouse12","pair1",43.2302103188179
"332",56,"mouse12","pair3",30.7055699460763
"333",57,"mouse12","pair2",44.7114624505929
"334",57,"mouse12","pair3",49.901185770751
"335",57,"mouse12","day19",22.6086956521739
"336",57,"mouse12","day7",36.8065967016492
"337",57,"mouse12","day11",25.7646176911544
"338",57,"mouse12","day17",31.9066147859922
"339",57,"mouse12","day6",55.7960064759849
"340",57,"mouse12","day15",19.4552529182879
"341",57,"mouse12","pair1",59.4822134387352
"342",57,"mouse12","day1",43.1047937569677
"343",57,"mouse12","day13",27.6264591439689
"344",57,"mouse12","day3",46.5997770345596
"345",57,"mouse12","day9",24.1287689488589
"346",57,"mouse12","day5",50.4821010973197
"347",57,"mouse12","day2",36.8914901523597
"348",57,"mouse12","day4",42.5112430293218
"349",58,"mouse12","pair2",25.7714285714286
"350",58,"mouse12","day5",59.8215488215488
"351",58,"mouse12","day17",67.0909090909091
"352",58,"mouse12","day19",58.2608695652174
"353",58,"mouse12","pair1",79.6571428571428
"354",58,"mouse12","day13",80.4306220095694
"355",58,"mouse12","day11",45.9794821690279
"356",58,"mouse12","day6",67.1616161616162
"357",58,"mouse12","day7",54.3795798729849
"358",58,"mouse12","day9",56.1480214948705
"359",58,"mouse12","pair3",46.4666666666667
"360",58,"mouse12","day15",70.622009569378
"361",58,"mouse12","day2",59.6088745750582
"362",58,"mouse12","day3",67.2023617820719
"363",58,"mouse12","day4",64.959595959596
"364",58,"mouse12","day1",56.5714796922526
"365",53,"mouse2","day4",82.04081633
"366",53,"mouse2","day6",75.10204082
"367",53,"mouse2","day11",71.25208096
"368",53,"mouse2","day10",67.66946191
"369",53,"mouse2","day13",60.37676334
"370",53,"mouse2","day14",62.67255768
"371",53,"mouse2","day5",64.89795918
"372",53,"mouse2","day12",75.37720144
"373",53,"mouse2","day17",55.13598429
"374",53,"mouse2","day19",81.09289617
"375",53,"mouse2","day7",64.67854647
"376",53,"mouse2","day9",53.83647799
"377",53,"mouse2","pair1",47
"378",53,"mouse2","day1",52
"379",53,"mouse2","day2",70.85714286
"380",53,"mouse2","day15",78.53902798
"381",53,"mouse2","day3",99.42857143
"382",53,"mouse2","pair2",55.5
"383",53,"mouse2","pair3",48.5
"384",54,"mouse2","pair3",43.46938776
"385",54,"mouse2","pair2",42.26190476
"386",54,"mouse2","day13",65.66468789
"387",54,"mouse2","day1",73.00828157
"388",54,"mouse2","day4",98.7552859
"389",54,"mouse2","pair1",71.64399093
"390",54,"mouse2","day5",96.44971502
"391",54,"mouse2","day15",53.51861846
"392",54,"mouse2","day17",46.30688973
"393",54,"mouse2","day3",81.57349896
"394",54,"mouse2","day11",84.83611942
"395",54,"mouse2","day6",65.32450818
"396",54,"mouse2","day7",78.72180451
"397",54,"mouse2","day9",69.55033214
"398",54,"mouse2","day2",74.23188406
"399",54,"mouse2","day19",22.69230769
"400",55,"mouse2","pair1",NA
"401",55,"mouse2","pair3",NA
"402",55,"mouse2","day4",83.91598038
"403",55,"mouse2","day9",70.27346507
"404",55,"mouse2","pair2",NA
"405",55,"mouse2","day6",99.31340798
"406",55,"mouse2","day7",81.17148906
"407",55,"mouse2","day17",80.86542056
"408",55,"mouse2","day11",72.15243472
"409",55,"mouse2","day13",39.46542056
"410",55,"mouse2","day15",70.0317757
"411",55,"mouse2","day2",114.0487805
"412",55,"mouse2","day3",98.71449067
"413",55,"mouse2","day1",84.33859397
"414",55,"mouse2","day5",110.476543
"415",55,"mouse2","day19",71.69398907
"416",56,"mouse2","day4",71.8143133462282
"417",56,"mouse2","day5",64.7117988394584
"418",56,"mouse2","day3",75.0527122867549
"419",56,"mouse2","day1",49.1182672033736
"420",56,"mouse2","day11",46.3916083916084
"421",56,"mouse2","day6",75.7601547388781
"422",56,"mouse2","day7",39.6573426573427
"423",56,"mouse2","pair1",68.2794910643012
"424",56,"mouse2","day13",41.8039808515999
"425",56,"mouse2","pair3",49.2905201765961
"426",56,"mouse2","day9",63.2272727272727
"427",56,"mouse2","day2",67.9796818094691
"428",56,"mouse2","pair2",52.9267060912631
"429",56,"mouse2","day19",48.8461538461538
"430",56,"mouse2","day15",25.4102628705803
"431",56,"mouse2","day17",30.3283782648862
"432",57,"mouse2","day1",69.8996655518395
"433",57,"mouse2","pair3",45.5098814229249
"434",57,"mouse2","day19",54.3478260869565
"435",57,"mouse2","day4",59.2120885051268
"436",57,"mouse2","day5",69.4603345925526
"437",57,"mouse2","day2",72.2296544035674
"438",57,"mouse2","day7",78.111777444611
"439",57,"mouse2","pair2",27.1462450592885
"440",57,"mouse2","day15",64.9805447470817
"441",57,"mouse2","day6",59.5916531750315
"442",57,"mouse2","day17",56.0311284046693
"443",57,"mouse2","pair1",47.505928853755
"444",57,"mouse2","day13",49.8054474708171
"445",57,"mouse2","day9",83.0193236714976
"446",57,"mouse2","day3",85.0445930880714
"447",57,"mouse2","day11",78.5207396301849
"448",58,"mouse2","pair3",32.4095238095238
"449",58,"mouse2","day19",25.6521739130435
"450",58,"mouse2","day17",30.9952153110048
"451",58,"mouse2","day5",49.1784511784512
"452",58,"mouse2","pair2",44.9047619047619
"453",58,"mouse2","day2",18.2243692968331
"454",58,"mouse2","day3",47.0796206834854
"455",58,"mouse2","day4",50.6464646464647
"456",58,"mouse2","day1",24.6788334227948
"457",58,"mouse2","pair1",56.2285714285714
"458",58,"mouse2","day15",43.5502392344498
"459",58,"mouse2","day11",39.789936492428
"460",58,"mouse2","day13",36.8803827751196
"461",58,"mouse2","day9",58.8006839276991
"462",58,"mouse2","day6",66.4276094276094
"463",58,"mouse2","day7",56.1480214948705
"464",53,"mouse3","day6",89.79591837
"465",53,"mouse3","pair3",71.5
"466",53,"mouse3","pair1",52
"467",53,"mouse3","day3",97.14285714
"468",53,"mouse3","day4",82.85714286
"469",53,"mouse3","day1",61.14285714
"470",53,"mouse3","day2",81.14285714
"471",53,"mouse3","day10",65.80013976
"472",53,"mouse3","pair2",69.5
"473",53,"mouse3","day5",108.1632653
"474",53,"mouse3","day13",NA
"475",53,"mouse3","day14",68.62248405
"476",53,"mouse3","day15",63.4658812
"477",53,"mouse3","day12",45.00131429
"478",53,"mouse3","day19",67.97814208
"479",53,"mouse3","day9",NA
"480",53,"mouse3","day17",52.75601375
"481",53,"mouse3","day7",74.39902166
"482",53,"mouse3","day11",NA
"483",54,"mouse3","day17",8.350422738
"484",54,"mouse3","day15",18.59866883
"485",54,"mouse3","day5",10.75933076
"486",54,"mouse3","day7",10.7000511
"487",54,"mouse3","pair1",39.04195011
"488",54,"mouse3","day3",13.86749482
"489",54,"mouse3","day9",16.43222133
"490",54,"mouse3","day11",14.52149792
"491",54,"mouse3","day13",10.24824609
"492",54,"mouse3","day1",26.10351967
"493",54,"mouse3","pair2",10.86734694
"494",54,"mouse3","pair3",26.16213152
"495",54,"mouse3","day4",18.44456702
"496",54,"mouse3","day6",6.148189005
"497",54,"mouse3","day2",29.36645963
"498",54,"mouse3","day19",9.230769231
"499",55,"mouse3","day4",81.22143055
"500",55,"mouse3","day5",133.5726844
"501",55,"mouse3","day3",82.42180775
"502",55,"mouse3","pair1",88.72621641
"503",55,"mouse3","day7",81.17148906
"504",55,"mouse3","day9",90.1905434
"505",55,"mouse3","day11",64.26076217
"506",55,"mouse3","day6",68.90348848
"507",55,"mouse3","pair2",79.56427015
"508",55,"mouse3","day13",45.26915888
"509",55,"mouse3","day15",55.32897196
"510",55,"mouse3","day1",87.69296987
"511",55,"mouse3","day2",126.0286944
"512",55,"mouse3","day17",69.64485981
"513",55,"mouse3","day19",69.94535519
"514",55,"mouse3","pair3",78.11764706
"515",56,"mouse3","day3",53.8336208548974
"516",56,"mouse3","day9",33.2972027972028
"517",56,"mouse3","day2",36.151044661683
"518",56,"mouse3","pair2",12.5246403727416
"519",56,"mouse3","pair3",23.8372187739276
"520",56,"mouse3","pair1",56.56289200593
"521",56,"mouse3","day6",41.825918762089
"522",56,"mouse3","day7",27.6853146853147
"523",56,"mouse3","day4",38.6692456479691
"524",56,"mouse3","day5",39.0638297872341
"525",56,"mouse3","day15",23.7708910724784
"526",56,"mouse3","day17",19.6724615772235
"527",56,"mouse3","day19",12.6923076923077
"528",56,"mouse3","day13",16.8035609305451
"529",56,"mouse3","day11",27.3111888111888
"530",56,"mouse3","day1",20.4331991566034
"531",57,"mouse3","day2",59.0263842437756
"532",57,"mouse3","day5",56.1755711458895
"533",57,"mouse3","day6",55.7960064759849
"534",57,"mouse3","day3",60.9680416202155
"535",57,"mouse3","day4",61.4894765245548
"536",57,"mouse3","day11",54.8009328668999
"537",57,"mouse3","pair1",46.3083003952569
"538",57,"mouse3","pair2",37.5256916996047
"539",57,"mouse3","pair3",37.1264822134387
"540",57,"mouse3","day1",49.7064288368636
"541",57,"mouse3","day19",33.9130434782609
"542",57,"mouse3","day7",47.8485757121439
"543",57,"mouse3","day15",43.9688715953307
"544",57,"mouse3","day9",47.0306513409962
"545",57,"mouse3","day13",36.9649805447471
"546",57,"mouse3","day17",36.9649805447471
"547",58,"mouse3","pair1",47.6380952380952
"548",58,"mouse3","day2",59.2292002147074
"549",58,"mouse3","day1",24.2991590624441
"550",58,"mouse3","day13",65.1291866028708
"551",58,"mouse3","pair2",51.9333333333333
"552",58,"mouse3","pair3",45.6857142857143
"553",58,"mouse3","day19",65.6521739130435
"554",58,"mouse3","day4",72.6666666666667
"555",58,"mouse3","day15",59.6363636363636
"556",58,"mouse3","day17",65.9138755980861
"557",58,"mouse3","day3",71.3787797459295
"558",58,"mouse3","day6",95.053872053872
"559",58,"mouse3","day7",88.8641914997557
"560",58,"mouse3","day9",80.0219833903273
"561",58,"mouse3","day5",73.7676767676768
"562",58,"mouse3","day11",80.0219833903273
"563",53,"mouse4","day6",58.7755102
"564",53,"mouse4","day15",63.06921944
"565",53,"mouse4","day17",60.29258714
"566",53,"mouse4","day14",67.03583702
"567",53,"mouse4","day3",94.28571429
"568",53,"mouse4","day7",63.55695318
"569",53,"mouse4","pair1",73
"570",53,"mouse4","day13",55.50162096
"571",53,"mouse4","day5",75.10204082
"572",53,"mouse4","day2",94.85714286
"573",53,"mouse4","pair2",65.5
"574",53,"mouse4","day19",65.13661202
"575",53,"mouse4","day10",54.58420685
"576",53,"mouse4","day11",55.50162096
"577",53,"mouse4","day4",75.10204082
"578",53,"mouse4","day9",65.80013976
"579",53,"mouse4","pair3",71.5
"580",53,"mouse4","day1",52.57142857
"581",53,"mouse4","day12",60.75177429
"582",54,"mouse4","day3",88.50724638
"583",54,"mouse4","day6",64.17172274
"584",54,"mouse4","day7",77.57537046
"585",54,"mouse4","pair1",59.569161
"586",54,"mouse4","day9",65.34674064
"587",54,"mouse4","day5",97.60250046
"588",54,"mouse4","pair3",45.07936508
"589",54,"mouse4","day1",52.61490683
"590",54,"mouse4","day15",32.26299694
"591",54,"mouse4","pair2",31.79705215
"592",54,"mouse4","day11",61.14314913
"593",54,"mouse4","day2",58.32505176
"594",54,"mouse4","day4",80.69498069
"595",54,"mouse4","day13",36.43820831
"596",54,"mouse4","day19",22.30769231
"597",54,"mouse4","day17",34.54038496
"598",55,"mouse4","day5",123.1794207
"599",55,"mouse4","day4",103.1627649
"600",55,"mouse4","day6",110.0916073
"601",55,"mouse4","day9",110.1076217
"602",55,"mouse4","day1",100.6312769
"603",55,"mouse4","day7",105.9738885
"604",55,"mouse4","pair3",NA
"605",55,"mouse4","pair2",NA
"606",55,"mouse4","day11",NA
"607",55,"mouse4","pair1",NA
"608",55,"mouse4","day15",71.57943925
"609",55,"mouse4","day17",97.88971963
"610",55,"mouse4","day13",NA
"611",55,"mouse4","day3",111.6527977
"612",55,"mouse4","day2",144.7173601
"613",55,"mouse4","day19",79.78142077
"614",56,"mouse4","day2",73.8738738738739
"615",56,"mouse4","pair1",77.5719661795611
"616",56,"mouse4","day3",82.1257427640406
"617",56,"mouse4","day4",76.5493230174081
"618",56,"mouse4","pair2",21.4130948308163
"619",56,"mouse4","pair3",44.8462929475588
"620",56,"mouse4","day1",38.9016676250719
"621",56,"mouse4","day7",57.9895104895105
"622",56,"mouse4","day9",69.5874125874126
"623",56,"mouse4","day5",54.0580270793037
"624",56,"mouse4","day6",94.3056092843327
"625",56,"mouse4","day19",64.2307692307692
"626",56,"mouse4","day13",35.2464936591921
"627",56,"mouse4","day15",32.3775930125136
"628",56,"mouse4","day11",64.3496503496504
"629",56,"mouse4","day17",46.3122532963803
"630",57,"mouse4","pair2",38.3241106719368
"631",57,"mouse4","pair3",28.3438735177866
"632",57,"mouse4","pair1",62.2766798418973
"633",57,"mouse4","day11",63.7981009495252
"634",57,"mouse4","day3",56.6963953920476
"635",57,"mouse4","day13",43.9688715953308
"636",57,"mouse4","day1",47.3764399851357
"637",57,"mouse4","day2",51.2597547380156
"638",57,"mouse4","day9",55.2098950524738
"639",57,"mouse4","day5",63.3872998740781
"640",57,"mouse4","day15",52.5291828793774
"641",57,"mouse4","day17",46.3035019455253
"642",57,"mouse4","day19",62.1739130434783
"643",57,"mouse4","day6",55.0368771361756
"644",57,"mouse4","day4",57.6938298255082
"645",57,"mouse4","day7",37.2155588872231
"646",58,"mouse4","day13",20.4019138755981
"647",58,"mouse4","pair1",64.0380952380952
"648",58,"mouse4","day19",20.4347826086956
"649",58,"mouse4","day9",38.4636052760137
"650",58,"mouse4","pair2",60.9142857142857
"651",58,"mouse4","pair3",36.3142857142857
"652",58,"mouse4","day1",49.7373412059402
"653",58,"mouse4","day15",15.3014354066986
"654",58,"mouse4","day17",25.5023923444976
"655",58,"mouse4","day6",36.3333333333333
"656",58,"mouse4","day7",25.200293111871
"657",58,"mouse4","day5",23.8552188552189
"658",58,"mouse4","day2",41.3845052782251
"659",58,"mouse4","day11",28.7371763556424
"660",58,"mouse4","day4",24.2222222222222
"661",58,"mouse4","day3",14.4276256933262
"662",53,"mouse5","day9",63.18308875
"663",53,"mouse5","day10",51.5932914
"664",53,"mouse5","day6",60
"665",53,"mouse5","day3",103.4285714
"666",53,"mouse5","day4",73.87755102
"667",53,"mouse5","day7",71.03424179
"668",53,"mouse5","pair1",65.5
"669",53,"mouse5","pair2",86
"670",53,"mouse5","day17",72.98576338
"671",53,"mouse5","day19",57.26775956
"672",53,"mouse5","day5",89.79591837
"673",53,"mouse5","day1",50.28571429
"674",53,"mouse5","day11",69.75203715
"675",53,"mouse5","day12",57.37667572
"676",53,"mouse5","day13",52.87654429
"677",53,"mouse5","day2",60.57142857
"678",53,"mouse5","day15",63.86254296
"679",53,"mouse5","pair3",82
"680",53,"mouse5","day14",54.73932253
"681",54,"mouse5","day2",52.20703934
"682",54,"mouse5","day3",55.87784679
"683",54,"mouse5","day1",58.73291925
"684",54,"mouse5","day17",35.67907897
"685",54,"mouse5","day5",56.8707483
"686",54,"mouse5","pair2",40.24943311
"687",54,"mouse5","day4",55.71796286
"688",54,"mouse5","day7",54.64668954
"689",54,"mouse5","pair3",51.11678005
"690",54,"mouse5","day6",54.56517742
"691",54,"mouse5","day19",32.30769231
"692",54,"mouse5","day9",78.33965983
"693",54,"mouse5","day11",65.72888532
"694",54,"mouse5","day13",34.54038496
"695",54,"mouse5","pair1",60.37414966
"696",54,"mouse5","day15",28.08778557
"697",55,"mouse5","day4",87.76533728
"698",55,"mouse5","day3",127.9454806
"699",55,"mouse5","day2",87.21377331
"700",55,"mouse5","day19",33.00546448
"701",55,"mouse5","day5",108.1669288
"702",55,"mouse5","day6",83.53104469
"703",55,"mouse5","day1",104.9440459
"704",55,"mouse5","day17",117.6224299
"705",55,"mouse5","pair1",NA
"706",55,"mouse5","day7",119.1266761
"707",55,"mouse5","day13",45.65607477
"708",55,"mouse5","day9",95.82745236
"709",55,"mouse5","pair3",NA
"710",55,"mouse5","day11",80.79569513
"711",55,"mouse5","day15",85.50841121
"712",55,"mouse5","pair2",NA
"713",56,"mouse5","day4",71.4197292069633
"714",56,"mouse5","day19",76.9230769230769
"715",56,"mouse5","day3",71.123250910485
"716",56,"mouse5","pair3",58.582995291856
"717",56,"mouse5","day6",68.2630560928433
"718",56,"mouse5","day1",49.9041594786276
"719",56,"mouse5","day2",59.7278129193023
"720",56,"mouse5","pair2",48.0784582050405
"721",56,"mouse5","day17",45.9024103468548
"722",56,"mouse5","day15",35.6563366087176
"723",56,"mouse5","day7",72.5804195804196
"724",56,"mouse5","day5",71.4197292069633
"725",56,"mouse5","pair1",91.3086685238584
"726",56,"mouse5","day11",75.1993006993007
"727",56,"mouse5","day13",36.0661795582431
"728",56,"mouse5","day9",49.3846153846154
"729",57,"mouse5","pair1",62.2766798418972
"730",57,"mouse5","day19",47.3913043478261
"731",57,"mouse5","day1",29.9015235971758
"732",57,"mouse5","day15",40.4669260700389
"733",57,"mouse5","pair3",18.3636363636364
"734",57,"mouse5","day11",61.7532900216558
"735",57,"mouse5","day13",36.9649805447471
"736",57,"mouse5","day17",48.6381322957198
"737",57,"mouse5","pair2",24.3517786561265
"738",57,"mouse5","day4",54.6573124662709
"739",57,"mouse5","day2",41.1631363805277
"740",57,"mouse5","day3",63.2980304719435
"741",57,"mouse5","day7",52.3471597534566
"742",57,"mouse5","day9",65.0249875062469
"743",57,"mouse5","day6",51.241230437129
"744",57,"mouse5","day5",56.1755711458895
"745",58,"mouse5","pair2",24.6
"746",58,"mouse5","day5",45.1414141414141
"747",58,"mouse5","day13",37.6650717703349
"748",58,"mouse5","day17",46.2966507177033
"749",58,"mouse5","day6",60.1885521885522
"750",58,"mouse5","pair1",41.3904761904762
"751",58,"mouse5","day2",56.191805331902
"752",58,"mouse5","day19",55.6521739130435
"753",58,"mouse5","day7",46.8637029799707
"754",58,"mouse5","day15",49.8277511961722
"755",58,"mouse5","day4",55.4175084175084
"756",58,"mouse5","day11",38.0214948705422
"757",58,"mouse5","pair3",46.0761904761905
"758",58,"mouse5","day1",48.9779924852389
"759",58,"mouse5","day9",52.1690278456278
"760",58,"mouse5","day3",46.320271962784
"761",53,"mouse6","pair2",52.5
"762",53,"mouse6","pair3",55.5
"763",53,"mouse6","day1",50.28571429
"764",53,"mouse6","day5",71.02040816
"765",53,"mouse6","day19",49.61748634
"766",53,"mouse6","day3",72
"767",53,"mouse6","day4",67.34693878
"768",53,"mouse6","day12",69.3770262
"769",53,"mouse6","pair1",80.5
"770",53,"mouse6","day13",72.37711382
"771",53,"mouse6","day14",69.41580756
"772",53,"mouse6","day15",61.87923417
"773",53,"mouse6","day17",46.80608738
"774",53,"mouse6","day2",57.14285714
"775",53,"mouse6","day7",69.16491964
"776",53,"mouse6","day11",59.62674144
"777",53,"mouse6","day10",51.96715584
"778",53,"mouse6","day6",89.3877551
"779",53,"mouse6","day9",66.17400419
"780",54,"mouse6","day5",55.33370105
"781",54,"mouse6","day6",51.49108292
"782",54,"mouse6","pair2",16.50226757
"783",54,"mouse6","day15",36.05864364
"784",54,"mouse6","pair3",29.38208617
"785",54,"mouse6","day7",31.71800861
"786",54,"mouse6","day2",38.74741201
"787",54,"mouse6","day3",58.32505176
"788",54,"mouse6","day4",60.71336643
"789",54,"mouse6","day1",39.1552795
"790",54,"mouse6","pair1",54.33673469
"791",54,"mouse6","day9",47.76808526
"792",54,"mouse6","day11",40.88948098
"793",54,"mouse6","day17",29.22647958
"794",54,"mouse6","day19",35.38461538
"795",54,"mouse6","day13",24.67170354
"796",55,"mouse6","pair1",56.90050835
"797",55,"mouse6","day3",114.527977
"798",55,"mouse6","day4",70.05829555
"799",55,"mouse6","day1",74.75466284
"800",55,"mouse6","day19",61.63934426
"801",55,"mouse6","day2",113.5695839
"802",55,"mouse6","day7",87.18419195
"803",55,"mouse6","day9",84.17784051
"804",55,"mouse6","day5",87.76533728
"805",55,"mouse6","day6",58.51022485
"806",55,"mouse6","pair2",63.65141612
"807",55,"mouse6","pair3",76.67102397
"808",55,"mouse6","day13",68.09719626
"809",55,"mouse6","day15",72.35327103
"810",55,"mouse6","day17",112.5925234
"811",55,"mouse6","day11",56.36908963
"812",56,"mouse6","day2",51.0829978915085
"813",56,"mouse6","day3",48.7253210657466
"814",56,"mouse6","pair2",19.3929915448903
"815",56,"mouse6","day5",35.9071566731141
"816",56,"mouse6","pair3",30.7055699460763
"817",56,"mouse6","pair1",55.3508300343743
"818",56,"mouse6","day4",38.669245647969
"819",56,"mouse6","day11",35.541958041958
"820",56,"mouse6","day6",28.8046421663443
"821",56,"mouse6","day1",56.5842438182863
"822",56,"mouse6","day9",24.3181818181818
"823",56,"mouse6","day13",26.2299487696313
"824",56,"mouse6","day15",14.3445032333921
"825",56,"mouse6","day17",28.6890064667842
"826",56,"mouse6","day19",23.8461538461538
"827",56,"mouse6","day7",31.0524475524476
"828",57,"mouse6","day13",40.0778210116732
"829",57,"mouse6","day11",56.4367816091954
"830",57,"mouse6","day1",51.2597547380156
"831",57,"mouse6","pair3",36.3280632411067
"832",57,"mouse6","day4",36.8177729807519
"833",57,"mouse6","day2",50.0947603121516
"834",57,"mouse6","pair2",42.3162055335968
"835",57,"mouse6","day3",52.8130806391676
"836",57,"mouse6","day17",60.3112840466926
"837",57,"mouse6","day5",59.9712178449361
"838",57,"mouse6","day7",67.0697984341163
"839",57,"mouse6","day9",60.5264034649342
"840",57,"mouse6","pair1",49.901185770751
"841",57,"mouse6","day15",39.2996108949416
"842",57,"mouse6","day19",40
"843",57,"mouse6","day6",68.3216405828387
"844",58,"mouse6","day7",41.1162677088422
"845",58,"mouse6","pair1",55.0571428571429
"846",58,"mouse6","day6",56.8855218855219
"847",58,"mouse6","day2",51.6357130076937
"848",58,"mouse6","pair2",37.4857142857143
"849",58,"mouse6","day1",62.6462694578637
"850",58,"mouse6","day15",45.9043062200957
"851",58,"mouse6","day3",49.3576668455895
"852",58,"mouse6","day5",56.8855218855219
"853",58,"mouse6","pair3",48.4190476190476
"854",58,"mouse6","day17",41.9808612440192
"855",58,"mouse6","day19",38.2608695652174
"856",58,"mouse6","day13",40.4114832535885
"857",58,"mouse6","day9",49.9584758182706
"858",58,"mouse6","day11",56.590131900342
"859",58,"mouse6","day4",51.013468013468
"860",53,"mouse7","pair1",51.5
"861",53,"mouse7","day10",NA
"862",53,"mouse7","day11",NA
"863",53,"mouse7","day12",NA
"864",53,"mouse7","day3",89.71428571
"865",53,"mouse7","day9",NA
"866",53,"mouse7","day4",35.51020408
"867",53,"mouse7","day5",31.02040816
"868",53,"mouse7","day2",79.42857143
"869",53,"mouse7","pair2",65.5
"870",53,"mouse7","day7",34.3955276
"871",53,"mouse7","day19",NA
"872",53,"mouse7","day1",49.14285714
"873",53,"mouse7","day15",NA
"874",53,"mouse7","pair3",59
"875",53,"mouse7","day17",NA
"876",53,"mouse7","day6",24.89795918
"877",53,"mouse7","day14",NA
"878",53,"mouse7","day13",NA
"879",54,"mouse7","pair1",43.06689342
"880",54,"mouse7","day5",36.88913403
"881",54,"mouse7","pair2",10.06235828
"882",54,"mouse7","pair3",41.4569161
"883",54,"mouse7","day1",29.36645963
"884",54,"mouse7","day15",22.77388019
"885",54,"mouse7","day9",56.93955763
"886",54,"mouse7","day4",38.8104431
"887",54,"mouse7","day13",22.77388019
"888",54,"mouse7","day17",25.05126821
"889",54,"mouse7","day19",30
"890",54,"mouse7","day11",58.46813636
"891",54,"mouse7","day2",48.53623188
"892",54,"mouse7","day7",47.76808526
"893",54,"mouse7","day3",40.37888199
"894",54,"mouse7","day6",39.96322853
"895",55,"mouse7","day4",44.26760433
"896",55,"mouse7","day15",41.78691589
"897",55,"mouse7","pair1",54.00726216
"898",55,"mouse7","pair2",67.9912854
"899",55,"mouse7","day3",73.79626973
"900",55,"mouse7","day7",50.73218066
"901",55,"mouse7","day9",42.84050812
"902",55,"mouse7","pair3",63.65141612
"903",55,"mouse7","day6",61.97464606
"904",55,"mouse7","day17",40.62616822
"905",55,"mouse7","day11",35.70042343
"906",55,"mouse7","day13",34.04859813
"907",55,"mouse7","day1",59.42037303
"908",55,"mouse7","day2",77.62984218
"909",55,"mouse7","day5",58.51022485
"910",55,"mouse7","day19",35.40983607
"911",56,"mouse7","day4",63.1334622823985
"912",56,"mouse7","day15",31.1480641639372
"913",56,"mouse7","day5",47.7446808510638
"914",56,"mouse7","day2",52.2618363043895
"915",56,"mouse7","day3",59.3348667816753
"916",56,"mouse7","day1",56.9771899559133
"917",56,"mouse7","day13",36.885865457294
"918",56,"mouse7","day7",46.7657342657343
"919",56,"mouse7","day9",NA
"920",56,"mouse7","pair1",81.6121727514133
"921",56,"mouse7","pair2",37.1699004610397
"922",56,"mouse7","day17",34.8366507096666
"923",56,"mouse7","day11",47.513986013986
"924",56,"mouse7","day6",NA
"925",56,"mouse7","day19",45.7692307692308
"926",56,"mouse7","pair3",45.250313604744
"927",57,"mouse7","day19",49.1304347826087
"928",57,"mouse7","pair2",25.9486166007905
"929",57,"mouse7","day5",60.7303471847454
"930",57,"mouse7","pair3",45.5098814229249
"931",57,"mouse7","day1",67.1813452248235
"932",57,"mouse7","day2",56.6963953920476
"933",57,"mouse7","pair1",43.1146245059289
"934",57,"mouse7","day4",54.2777477963662
"935",57,"mouse7","day11",71.568382475429
"936",57,"mouse7","day6",50.102536427415
"937",57,"mouse7","day3",57.4730583426236
"938",57,"mouse7","day9",68.2966849908379
"939",57,"mouse7","day13",51.7509727626459
"940",57,"mouse7","day17",53.6964980544747
"941",57,"mouse7","day7",58.4815925370648
"942",57,"mouse7","day15",50.5836575875486
"943",58,"mouse7","day5",68.6296296296296
"944",58,"mouse7","day4",44.040404040404
"945",58,"mouse7","day1",29.6146001073537
"946",58,"mouse7","day2",41.7641796385758
"947",58,"mouse7","day13",50.2200956937799
"948",58,"mouse7","day15",47.0813397129187
"949",58,"mouse7","day6",46.976430976431
"950",58,"mouse7","pair3",21.0857142857143
"951",58,"mouse7","pair1",71.847619047619
"952",58,"mouse7","day7",59.6849047386419
"953",58,"mouse7","day17",58.8516746411483
"954",58,"mouse7","day3",39.4861334764717
"955",58,"mouse7","pair2",35.9238095238095
"956",58,"mouse7","day19",47.8260869565217
"957",58,"mouse7","day9",62.7796775769419
"958",58,"mouse7","day11",46.4215925744993
"959",53,"mouse8","day14",78.14236622
"960",53,"mouse8","day4",86.53061224
"961",53,"mouse8","pair2",64
"962",53,"mouse8","pair3",60.5
"963",53,"mouse8","day15",74.96907216
"964",53,"mouse8","pair1",79.5
"965",53,"mouse8","day19",85.46448087
"966",53,"mouse8","day3",93.71428571
"967",53,"mouse8","day5",61.2244898
"968",53,"mouse8","day17",90.04221895
"969",53,"mouse8","day12",63.37685096
"970",53,"mouse8","day7",60.93990217
"971",53,"mouse8","day9",63.18308875
"972",53,"mouse8","day1",69.14285714
"973",53,"mouse8","day2",95.42857143
"974",53,"mouse8","day11",93.37772715
"975",53,"mouse8","day10",45.23759609
"976",53,"mouse8","day6",89.3877551
"977",53,"mouse8","day13",63.37685096
"978",54,"mouse8","day7",49.29666399
"979",54,"mouse8","day15",26.94909156
"980",54,"mouse8","pair1",31.39455782
"981",54,"mouse8","day17",27.7082209
"982",54,"mouse8","day6",36.12061041
"983",54,"mouse8","day4",38.8104431
"984",54,"mouse8","day13",22.77388019
"985",54,"mouse8","day1",39.97101449
"986",54,"mouse8","day5",37.27339584
"987",54,"mouse8","day11",40.12519162
"988",54,"mouse8","pair3",45.88435374
"989",54,"mouse8","day9",48.15022994
"990",54,"mouse8","day19",22.69230769
"991",54,"mouse8","pair2",17.70975057
"992",54,"mouse8","day3",49.35196687
"993",54,"mouse8","day2",40.78674948
"994",55,"mouse8","day3",69.48350072
"995",55,"mouse8","day7",76.66196189
"996",55,"mouse8","pair1",37.12999274
"997",55,"mouse8","day2",85.77618364
"998",55,"mouse8","day6",85.07078745
"999",55,"mouse8","day13",56.87663551
"1000",55,"mouse8","day1",67.56671449
"1001",55,"mouse8","pair3",28.93246187
"1002",55,"mouse8","day11",55.24170783
"1003",55,"mouse8","day4",73.52271676
"1004",55,"mouse8","day5",68.1336171
"1005",55,"mouse8","day19",52.67759563
"1006",55,"mouse8","day9",NA
"1007",55,"mouse8","day17",74.67476636
"1008",55,"mouse8","pair2",33.75453885
"1009",55,"mouse8","day15",69.25794393
"1010",56,"mouse8","day5",52.4796905222437
"1011",56,"mouse8","day11",47.513986013986
"1012",56,"mouse8","pair1",60.1990779205969
"1013",56,"mouse8","day4",61.5551257253385
"1014",56,"mouse8","day1",52.6547824420165
"1015",56,"mouse8","day19",60.3846153846154
"1016",56,"mouse8","day6",43.7988394584139
"1017",56,"mouse8","day7",51.2552447552448
"1018",56,"mouse8","day9",50.1328671328671
"1019",56,"mouse8","pair3",30.3015492888911
"1020",56,"mouse8","day13",41.8039808515999
"1021",56,"mouse8","day2",56.1912976806594
"1022",56,"mouse8","day3",51.8688901667625
"1023",56,"mouse8","day17",14.7543461829176
"1024",56,"mouse8","day15",19.6724615772235
"1025",56,"mouse8","pair2",11.312578401186
"1026",57,"mouse8","day5",53.8981831264616
"1027",57,"mouse8","pair3",36.3280632411067
"1028",57,"mouse8","day15",34.6303501945525
"1029",57,"mouse8","day17",28.7937743190662
"1030",57,"mouse8","day19",53.9130434782609
"1031",57,"mouse8","day4",38.7155963302752
"1032",57,"mouse8","day3",79.2196209587514
"1033",57,"mouse8","day13",28.7937743190661
"1034",57,"mouse8","day11",38.8514076295186
"1035",57,"mouse8","day2",61.3563730955035
"1036",57,"mouse8","pair2",25.5494071146245
"1037",57,"mouse8","day9",46.2127269698484
"1038",57,"mouse8","day7",45.8037647842745
"1039",57,"mouse8","day6",51.241230437129
"1040",57,"mouse8","day1",52.8130806391676
"1041",57,"mouse8","pair1",39.5217391304348
"1042",58,"mouse8","day4",46.2424242424242
"1043",58,"mouse8","day3",38.7267847557703
"1044",58,"mouse8","pair1",51.152380952381
"1045",58,"mouse8","day2",29.234925747003
"1046",58,"mouse8","day13",40.8038277511962
"1047",58,"mouse8","day15",20.7942583732058
"1048",58,"mouse8","day1",13.2886026122741
"1049",58,"mouse8","pair3",17.1809523809524
"1050",58,"mouse8","day19",27.3913043478261
"1051",58,"mouse8","day7",36.695163654128
"1052",58,"mouse8","pair2",11.3238095238095
"1053",58,"mouse8","day5",49.9124579124579
"1054",58,"mouse8","day11",49.5163654127992
"1055",58,"mouse8","day9",45.9794821690278
"1056",58,"mouse8","day6",42.939393939394
"1057",58,"mouse8","day17",35.311004784689
"1058",53,"mouse9","pair2",54.5
"1059",53,"mouse9","pair1",77
"1060",53,"mouse9","day11",90.37763953
"1061",53,"mouse9","day12",67.12696048
"1062",53,"mouse9","day10",81.12858141
"1063",53,"mouse9","day1",60
"1064",53,"mouse9","day2",102.8571429
"1065",53,"mouse9","day4",90.6122449
"1066",53,"mouse9","pair3",67.5
"1067",53,"mouse9","day9",80.75471698
"1068",53,"mouse9","day15",95.99214531
"1069",53,"mouse9","day17",67.43249877
"1070",53,"mouse9","day19",86.12021858
"1071",53,"mouse9","day14",84.48895434
"1072",53,"mouse9","day5",88.57142857
"1073",53,"mouse9","day13",73.12713572
"1074",53,"mouse9","day7",48.22851153
"1075",53,"mouse9","day3",92
"1076",53,"mouse9","day6",84.48979592
"1077",54,"mouse9","day7",35.92160012
"1078",54,"mouse9","day2",46.9047619
"1079",54,"mouse9","day9",31.71800861
"1080",54,"mouse9","day5",44.19010848
"1081",54,"mouse9","day6",44.57437029
"1082",54,"mouse9","pair2",25.75963719
"1083",54,"mouse9","day1",44.04968944
"1084",54,"mouse9","day13",25.05126821
"1085",54,"mouse9","pair1",61.98412698
"1086",54,"mouse9","day15",20.87605684
"1087",54,"mouse9","day11",30.18942989
"1088",54,"mouse9","day4",44.57437029
"1089",54,"mouse9","pair3",37.43197279
"1090",54,"mouse9","day19",12.69230769
"1091",54,"mouse9","day17",25.05126821
"1092",54,"mouse9","day3",46.49689441
"1093",55,"mouse9","day1",105.902439
"1094",55,"mouse9","day6",89.69001573
"1095",55,"mouse9","day4",117.4053854
"1096",55,"mouse9","day2",88.65136298
"1097",55,"mouse9","day9",46.22265349
"1098",55,"mouse9","day5",91.22975849
"1099",55,"mouse9","day19",87.65027322
"1100",55,"mouse9","pair3",48.22076979
"1101",55,"mouse9","pair1",40.98765432
"1102",55,"mouse9","pair2",34.23674655
"1103",55,"mouse9","day17",69.64485981
"1104",55,"mouse9","day7",80.04410727
"1105",55,"mouse9","day3",106.3816356
"1106",55,"mouse9","day15",88.21682243
"1107",55,"mouse9","day11",92.82110092
"1108",55,"mouse9","day13",80.86542056
"1109",56,"mouse9","day4",61.1605415860735
"1110",56,"mouse9","day2",30.6497987349051
"1111",56,"mouse9","day3",45.1888058271037
"1112",56,"mouse9","day1",47.1535365152386
"1113",56,"mouse9","day19",81.5384615384615
"1114",56,"mouse9","day5",47.7446808510638
"1115",56,"mouse9","day6",41.431334622824
"1116",56,"mouse9","day17",42.2138238011254
"1117",56,"mouse9","day7",43.7727272727273
"1118",56,"mouse9","pair1",48.8864995194109
"1119",56,"mouse9","pair2",20.6050535164459
"1120",56,"mouse9","pair3",34.7457765179284
"1121",56,"mouse9","day15",30.3283782648862
"1122",56,"mouse9","day9",56.1188811188811
"1123",56,"mouse9","day11",61.3566433566434
"1124",56,"mouse9","day13",30.3283782648862
"1125",57,"mouse9","day19",58.2608695652174
"1126",57,"mouse9","pair2",29.5415019762846
"1127",57,"mouse9","pair3",25.9486166007905
"1128",57,"mouse9","day1",43.4931252322557
"1129",57,"mouse9","pair1",61.4782608695652
"1130",57,"mouse9","day7",61.3443278360819
"1131",57,"mouse9","day9",48.6665000832917
"1132",57,"mouse9","day11",78.9297018157588
"1133",57,"mouse9","day13",56.420233463035
"1134",57,"mouse9","day15",41.6342412451362
"1135",57,"mouse9","day17",59.9221789883269
"1136",57,"mouse9","day4",83.8837920489296
"1137",57,"mouse9","day5",78.9494513401691
"1138",57,"mouse9","day2",66.7930137495355
"1139",57,"mouse9","day3",89.7045707915273
"1140",57,"mouse9","day6",78.1903220003598
"1141",58,"mouse9","day17",50.6124401913875
"1142",58,"mouse9","day19",57.3913043478261
"1143",58,"mouse9","day6",68.6296296296296
"1144",58,"mouse9","day7",64.1060087933561
"1145",58,"mouse9","day9",62.3375671714704
"1146",58,"mouse9","day11",74.7166585246703
"1147",58,"mouse9","day13",60.8133971291866
"1148",58,"mouse9","day15",53.3588516746411
"1149",58,"mouse9","pair1",76.9238095238095
"1150",58,"mouse9","pair2",31.6285714285714
"1151",58,"mouse9","pair3",57.7904761904762
"1152",58,"mouse9","day1",66.8226874217212
"1153",58,"mouse9","day2",67.5820361424226
"1154",58,"mouse9","day3",65.3039899803185
"1155",58,"mouse9","day4",73.4006734006734
"1156",58,"mouse9","day5",71.1986531986532
